uri_s,authFullName_s
https://tel.archives-ouvertes.fr/tel-02908270,Mohamed Shehata
https://tel.archives-ouvertes.fr/tel-02908237,Ahmad Shokair
https://hal.archives-ouvertes.fr/tel-02908039,Amélie Goncalves
https://tel.archives-ouvertes.fr/tel-02907543,Walter Pinganaud
https://tel.archives-ouvertes.fr/tel-02907540,Stéphanie Sherpa
https://tel.archives-ouvertes.fr/tel-02899185,Gilles Bousquet
https://tel.archives-ouvertes.fr/tel-02907063,Geoffrey Guingo
https://tel.archives-ouvertes.fr/tel-02906871,Bastien Dalzon
https://hal.archives-ouvertes.fr/tel-02884997,Christophe Gaie
https://tel.archives-ouvertes.fr/tel-02906575,Audrey Coilly
https://hal-paris1.archives-ouvertes.fr/tel-02904238,Laura Jones
https://hal.archives-ouvertes.fr/tel-01556204v2,Maria-Laura Moreno-Sainz
https://pastel.archives-ouvertes.fr/tel-02906441,Benjamin Dubois
https://pastel.archives-ouvertes.fr/tel-02906416,Pierre-Loïk Rothé
https://tel.archives-ouvertes.fr/tel-02906405,Elie Cheron
https://tel.archives-ouvertes.fr/tel-02906398,Justine Carpentier
https://tel.archives-ouvertes.fr/tel-02906392,Torea Blanchard
https://hal.archives-ouvertes.fr/tel-02906275,David Thura
https://tel.archives-ouvertes.fr/tel-02904426,Alexandre Labelle
https://halshs.archives-ouvertes.fr/tel-02906136,Delmas Tsafack
https://hal.archives-ouvertes.fr/tel-02906104,Kelly Kalynka Cruz
https://tel.archives-ouvertes.fr/tel-02906023,Antoine Puisay
https://tel.archives-ouvertes.fr/tel-02905850,Julie Royo
https://tel.archives-ouvertes.fr/tel-02905829,Kieu Hieu Nguyen
https://tel.archives-ouvertes.fr/tel-02905820,Benoît Quinard
https://tel.archives-ouvertes.fr/tel-02905800,Vincent Ah-Leung
https://tel.archives-ouvertes.fr/tel-02905778,Omar Houidi
https://hal.archives-ouvertes.fr/tel-02446915v2,Kévin Vythelingum
https://tel.archives-ouvertes.fr/tel-02905718,Sévrine Dagnet
https://tel.archives-ouvertes.fr/tel-02905713,Florence Gille
https://tel.archives-ouvertes.fr/tel-02905680,Hélène N'Gbesso
https://tel.archives-ouvertes.fr/tel-02905674,Kinga Torbicka
https://tel.archives-ouvertes.fr/tel-02905656,Thoueïbat Djoumbé
https://tel.archives-ouvertes.fr/tel-02905636,Hugo Gaillard
https://tel.archives-ouvertes.fr/tel-02905609,Pierre-Antoine Pellerin
https://tel.archives-ouvertes.fr/tel-02905591,Morgan Lefeuvre
https://tel.archives-ouvertes.fr/tel-02905587,Julia Sabina Gutierrez
https://tel.archives-ouvertes.fr/tel-02905583,Argán Aragón
https://tel.archives-ouvertes.fr/tel-02905493,Antoine Veau
https://tel.archives-ouvertes.fr/tel-02905488,Caterina Franco
https://tel.archives-ouvertes.fr/tel-02905484,Federico Bellido Peris
https://tel.archives-ouvertes.fr/tel-02905463,Julie-Anne Rodier
https://hal.univ-lorraine.fr/tel-01751603,Maria Augusta Gonçalves
https://tel.archives-ouvertes.fr/tel-02905450,François Beato
https://tel.archives-ouvertes.fr/tel-02905449,Odile Mourey
https://tel.archives-ouvertes.fr/tel-02905447,Michel Kledy
https://tel.archives-ouvertes.fr/tel-02905440,Chrystelle Aillaud
https://tel.archives-ouvertes.fr/tel-02905432,Olga Lucia Montoya
https://tel.archives-ouvertes.fr/tel-02905429,Claude Le Gouill
https://tel.archives-ouvertes.fr/tel-02905427,Juliette Dumont
https://tel.archives-ouvertes.fr/tel-02905426,Mélanie Boissonneau
https://tel.archives-ouvertes.fr/tel-02905424,Benjamin Aupetit
https://hal.archives-ouvertes.fr/tel-01652092v2,Sébastien Rey-Coyrehourcq
https://tel.archives-ouvertes.fr/tel-02905421,Hadjer Touati
https://tel.archives-ouvertes.fr/tel-02905419,Julien Legriel
https://tel.archives-ouvertes.fr/tel-02905417,Fanny Morisot
https://tel.archives-ouvertes.fr/tel-02905414,Marie de Guillebon
https://tel.archives-ouvertes.fr/tel-02905413,Evelyn Lieou Kui
https://tel.archives-ouvertes.fr/tel-02905410,Maxime Tousignant
https://hal.archives-ouvertes.fr/tel-02489748v2,Étienne Monin
https://tel.archives-ouvertes.fr/tel-02905313,Adele Lazuka
https://hal.archives-ouvertes.fr/tel-02903323,Alexandre Taymans
https://tel.archives-ouvertes.fr/tel-02903365,Jean-Baptiste Receveur
https://hal.archives-ouvertes.fr/tel-02905136,Ahmed Zakarya Bendimerad
https://hal-vetagro-sup.archives-ouvertes.fr/tel-02904889,Claire A.M. Becker
https://hal.archives-ouvertes.fr/tel-02904866,Abdelkarim Boujelben
https://hal.archives-ouvertes.fr/tel-02900845,Yves Noat
https://hal.univ-lorraine.fr/tel-02904523,Anna-Livia Morand
https://hal.archives-ouvertes.fr/tel-02904444,Delphine Boucher
https://hal.archives-ouvertes.fr/tel-02904205,Ludovic Charpentier
https://tel.archives-ouvertes.fr/tel-02903659,Sebastien Mort
https://tel.archives-ouvertes.fr/tel-02903652,Blodwenn Mauffret
https://tel.archives-ouvertes.fr/tel-02903584,Yazid Adam
https://tel.archives-ouvertes.fr/tel-02903571,Yves Uro
https://tel.archives-ouvertes.fr/tel-02903559,Frédérique Longuet
https://tel.archives-ouvertes.fr/tel-02903493,Hamza Deroui
https://tel.archives-ouvertes.fr/tel-02903262,Serena Tallarico
https://tel.archives-ouvertes.fr/tel-02903260,Ngoc-Phu Ha
https://tel.archives-ouvertes.fr/tel-02903247,Stefania Pecore
https://tel.archives-ouvertes.fr/tel-02903197,Giulia Puma
https://tel.archives-ouvertes.fr/tel-02903186,Karem-Angélica Teran Ananos
https://tel.archives-ouvertes.fr/tel-02903174,Jacques Carbou
https://tel.archives-ouvertes.fr/tel-02903165,Marta Álvarez Izquierdo
https://tel.archives-ouvertes.fr/tel-02903159,Amina Bouzarour
https://tel.archives-ouvertes.fr/tel-02903157,Angelo Rosello
https://tel.archives-ouvertes.fr/tel-02903141,Sterenn Le Maguer
https://tel.archives-ouvertes.fr/tel-02903102,Gaëlle Brevalle
https://tel.archives-ouvertes.fr/tel-02903100,Emmanuel Al Miah
https://tel.archives-ouvertes.fr/tel-02903049,Laure Moretti
https://tel.archives-ouvertes.fr/tel-02903044,Quentin Schoen
https://tel.archives-ouvertes.fr/tel-02903035,Aurélie Mure
https://tel.archives-ouvertes.fr/tel-02903019,Manon Froger
https://tel.archives-ouvertes.fr/tel-02902999,Lyne Khalil
https://tel.archives-ouvertes.fr/tel-02902997,van Chat Nguyen
https://tel.archives-ouvertes.fr/tel-02888893,Jeanne Joachim
https://tel.archives-ouvertes.fr/tel-02902982,Antony Plait
https://tel.archives-ouvertes.fr/tel-02902981,Hamdi Ben Abdallah
https://tel.archives-ouvertes.fr/tel-02902953,Nedjma Aouchiche
https://tel.archives-ouvertes.fr/tel-02902940,Alexis Godart
https://tel.archives-ouvertes.fr/tel-02902818,Hélène RÉglÉ
https://tel.archives-ouvertes.fr/tel-02902706,Édouard Sill
https://tel.archives-ouvertes.fr/tel-02902705,Simon Navel
https://hal.archives-ouvertes.fr/tel-02896582v2,Adrien Malaisé
https://tel.archives-ouvertes.fr/tel-02901775v2,Lalla Aicha Oumoul Makhtoum Toure
https://tel.archives-ouvertes.fr/tel-02902678,Anne-Julie Vaillant-Ciszewicz
https://tel.archives-ouvertes.fr/tel-02902584,Elodie Pardieu
https://tel.archives-ouvertes.fr/tel-02902143v2,Malick Ndiaye
https://hal.archives-ouvertes.fr/tel-02902466,Salima Mdhaffar
https://tel.archives-ouvertes.fr/tel-02902282,Franck Jedrzejewski
https://tel.archives-ouvertes.fr/tel-02902254,Vincent Jaunas
https://tel.archives-ouvertes.fr/tel-02902243,Constance Vinciguerra
https://tel.archives-ouvertes.fr/tel-02902194,Marine Garcia
https://tel.archives-ouvertes.fr/tel-02902188,Thamer Aloui
https://tel.archives-ouvertes.fr/tel-02902134,Charly Lagresle
https://hal.archives-ouvertes.fr/tel-02902131,Andrea Petreto
https://tel.archives-ouvertes.fr/tel-02902125,Pierrick Merino
https://tel.archives-ouvertes.fr/tel-02902123,Idir Hamzaoui
https://tel.archives-ouvertes.fr/tel-02902122,Souhayb Kass
https://tel.archives-ouvertes.fr/tel-02902100,Riyadh Benammar
https://tel.archives-ouvertes.fr/tel-02902091,Elise Bruhat
https://tel.archives-ouvertes.fr/tel-02902089,Thibaut Lefort
https://halshs.archives-ouvertes.fr/tel-02901953,Madina Rival
https://tel.archives-ouvertes.fr/tel-02901950,Abderrahim Radouani
https://tel.archives-ouvertes.fr/tel-02901920,Joelle Kleib
https://tel.archives-ouvertes.fr/tel-02901905,Fiammetta Cascioli
https://hal.archives-ouvertes.fr/tel-02901858,Marie Bélières
https://tel.archives-ouvertes.fr/tel-02901765,Alexis Veyssiere
https://tel.archives-ouvertes.fr/tel-02901722,Grégory Gredat
https://tel.archives-ouvertes.fr/tel-02901646,Isabelle Laborie
https://tel.archives-ouvertes.fr/tel-02901606,Zahra Al Amir Dache
https://tel.archives-ouvertes.fr/tel-02901520,Ali Moustafa Khalil
https://tel.archives-ouvertes.fr/tel-02901501,Tanguy Raynaud
https://hal.archives-ouvertes.fr/tel-02901461,Anaïs Chalard
https://hal.archives-ouvertes.fr/tel-02901454,Julie Chauvin
https://tel.archives-ouvertes.fr/tel-02901453,Raphaël Chassagnoux
https://tel.archives-ouvertes.fr/tel-02901403,Cédric Yapo
https://hal.archives-ouvertes.fr/tel-02901393,Ugo Till
https://hal.archives-ouvertes.fr/tel-02901319,Maxime Demazeau
https://tel.archives-ouvertes.fr/tel-02901149,Lucie Rodrigues
https://tel.archives-ouvertes.fr/tel-02901053,Coline Kouchner
https://tel.archives-ouvertes.fr/tel-02891787,Louis De Barros
https://pastel.archives-ouvertes.fr/tel-02901007,Estelle Noyer
https://tel.archives-ouvertes.fr/tel-02900927,Constance Pierre
https://tel.archives-ouvertes.fr/tel-02900901,Chloé Felgerolle
https://tel.archives-ouvertes.fr/tel-02900895,Laure Stiel
https://tel.archives-ouvertes.fr/tel-02900865,Noura Khalil
https://tel.archives-ouvertes.fr/tel-02900817,Eloise Mougel
https://tel.archives-ouvertes.fr/tel-02900816,Leopold Ghemmogne Fossi
https://tel.archives-ouvertes.fr/tel-02900783,Robin Timsit
https://hal.archives-ouvertes.fr/tel-01559544v2,Fatah Ameur
https://tel.archives-ouvertes.fr/tel-02900757,François Virard
https://tel.archives-ouvertes.fr/tel-02899987v2,Emma Maines
https://tel.archives-ouvertes.fr/tel-02899898v2,Albane Schrimpf-Patey
https://tel.archives-ouvertes.fr/tel-02900723,Axel Vansteene
https://tel.archives-ouvertes.fr/tel-02900693,Simon Élise
https://tel.archives-ouvertes.fr/tel-02900689,Brice Nativel
https://tel.archives-ouvertes.fr/tel-02900681,Etienne Bossy
https://tel.archives-ouvertes.fr/tel-02900664,François Cadiou
https://tel.archives-ouvertes.fr/tel-02900648,Emmanuel Bachy
https://tel.archives-ouvertes.fr/tel-02900641,Anis Mezni
https://tel.archives-ouvertes.fr/tel-02900621,Quang Thinh Tran
https://hal.archives-ouvertes.fr/tel-02458264v2,David Kibloff
https://tel.archives-ouvertes.fr/tel-02487473v2,Matthieu Martin
https://tel.archives-ouvertes.fr/tel-02900584,Sébastien Pouchoulin
https://pastel.archives-ouvertes.fr/tel-02900570,Jialin Song
https://tel.archives-ouvertes.fr/tel-02900540,Lucas Mendes Menezes
https://tel.archives-ouvertes.fr/tel-02900524,Sarah Marie-Solveig Leclerc
https://tel.archives-ouvertes.fr/tel-02900509,Sijia Li
https://tel.archives-ouvertes.fr/tel-02900507,Fetra Rasoanarivo
https://tel.archives-ouvertes.fr/tel-02900506,Julien Salotti
https://tel.archives-ouvertes.fr/tel-02900495,Alexis Graux
https://tel.archives-ouvertes.fr/tel-02900465,Mikel Balmaseda Aguirre
https://tel.archives-ouvertes.fr/tel-02900456,Alexios Aivaliotis
https://tel.archives-ouvertes.fr/tel-02900289,Sophie Broussy-Boudeau
https://tel.archives-ouvertes.fr/tel-02900288,Sigrid Gavelle
https://tel.archives-ouvertes.fr/tel-02900287,Cyrille François
https://tel.archives-ouvertes.fr/tel-02900286,Maud Toulmonde
https://hal.univ-lorraine.fr/tel-02456326,Cécile Diliberto
https://tel.archives-ouvertes.fr/tel-02900255,Laurent Zablocki
https://tel.archives-ouvertes.fr/tel-02900204,Maha Deeb
https://tel.archives-ouvertes.fr/tel-02900097,Eric Scarazzini
https://tel.archives-ouvertes.fr/tel-02900020,Thomas Fressin
https://tel.archives-ouvertes.fr/tel-02899988,Margot de Baecque
https://tel.archives-ouvertes.fr/tel-02899985,Eva Popelková
https://tel.archives-ouvertes.fr/tel-02899979,Panayotis Constantinou
https://tel.archives-ouvertes.fr/tel-02899962,Sawssan Ben Romdhan
https://pastel.archives-ouvertes.fr/tel-02527173v3,Abderrahim Azzoune
https://tel.archives-ouvertes.fr/tel-02899941,Laurent Bianchetti
https://tel.archives-ouvertes.fr/tel-02899932,Pascale Montreer
https://tel.archives-ouvertes.fr/tel-02899913,Behrang Moradi Koutchi
https://hal.archives-ouvertes.fr/tel-02434327v2,Mohamed Thani Ibouroi
https://hal.laas.fr/tel-02137643v2,Aurore Esteve
https://tel.archives-ouvertes.fr/tel-02899858,Ilhem Charfeddine
https://tel.archives-ouvertes.fr/tel-02899847,Cécilia Gallardo
https://tel.archives-ouvertes.fr/tel-02899840,Julie Nguyen
https://tel.archives-ouvertes.fr/tel-02899833,Charlotte Vernisse
https://tel.archives-ouvertes.fr/tel-02899817,Jérémy Raffin
https://tel.archives-ouvertes.fr/tel-02899810,Eliane Khoury
https://pastel.archives-ouvertes.fr/tel-02899705,François Acquatella
https://hal.univ-lorraine.fr/tel-02130115,Florian Lemmel
https://hal.univ-lorraine.fr/tel-02462735,Lionel Renaud
https://hal.univ-lorraine.fr/tel-01920664,Ali Abakar
https://pastel.archives-ouvertes.fr/tel-02899644,Meriem Farah Hamamouche
https://tel.archives-ouvertes.fr/tel-02899637,Afef Ben Saad
https://tel.archives-ouvertes.fr/tel-02899603,Fabrice Giusti
https://tel.archives-ouvertes.fr/tel-02899579,Boris Trahin
https://hal.archives-ouvertes.fr/tel-02899533,Guillaume Druart
https://tel.archives-ouvertes.fr/tel-02899528,Fawzi Hamouche
https://tel.archives-ouvertes.fr/tel-02899500,"Guillaume\, Louis\, Florent Desquesnes"
https://tel.archives-ouvertes.fr/tel-02899489,Gabriel Jarjat
https://hal.univ-angers.fr/tel-02899481,Olivier Segut
https://tel.archives-ouvertes.fr/tel-02899427,Michel Sarraf
https://tel.archives-ouvertes.fr/tel-02899422,Robin Brochier
https://tel.archives-ouvertes.fr/tel-02899411,Alexa Latapy
https://tel.archives-ouvertes.fr/tel-02895793v2,Laetitia Legras
https://tel.archives-ouvertes.fr/tel-02898938,Evangelina San Martin
https://tel.archives-ouvertes.fr/tel-02898880,Marion Grzelka
https://tel.archives-ouvertes.fr/tel-02898879,Abdourahim Sylla
https://tel.archives-ouvertes.fr/tel-02898257,Paul Guerin
https://hal.archives-ouvertes.fr/tel-02733897v2,Ramzi Ben Mhenni
https://tel.archives-ouvertes.fr/tel-02898231,Sarra Gattoussi
https://tel.archives-ouvertes.fr/tel-02898230,Quitterie Reynaud
https://tel.archives-ouvertes.fr/tel-02898222,Jean-Paul Susani
https://tel.archives-ouvertes.fr/tel-02898190,Shérazade Kinouani
https://tel.archives-ouvertes.fr/tel-02898185,Farad Khoyratee
https://tel.archives-ouvertes.fr/tel-02898182,Aurélie Doignon
https://hal.archives-ouvertes.fr/tel-02898169,Magalie Myoupo
https://tel.archives-ouvertes.fr/tel-02898114,Naouel Bchir Jaber
https://tel.archives-ouvertes.fr/tel-02897970,Janvier Fotsing
https://tel.archives-ouvertes.fr/tel-02897944,Wassim Hached
https://pastel.archives-ouvertes.fr/tel-02897919,Ariane Millot
https://tel.archives-ouvertes.fr/tel-02886973,Sam Cissé Diallo
https://tel.archives-ouvertes.fr/tel-02897873,Mélina Panagos
https://hal.archives-ouvertes.fr/tel-02897393,Slim Aliouet
https://tel.archives-ouvertes.fr/tel-02897390,Lionel Domergue
https://tel.archives-ouvertes.fr/tel-02896890,Kosseila Bellache
https://tel.archives-ouvertes.fr/tel-02896889,Elie Terzibachian
https://tel.archives-ouvertes.fr/tel-02896888,Alexandre Fardel
https://tel.archives-ouvertes.fr/tel-02896704,Lena Roumiguier
https://tel.archives-ouvertes.fr/tel-02896665,Mehdi Benjamin Touat
https://tel.archives-ouvertes.fr/tel-02896598,Camille Labourie
https://pastel.archives-ouvertes.fr/tel-02896596,Nicolas Eskenazi
https://tel.archives-ouvertes.fr/tel-02896584,Cyrille Hedi Haddar
https://tel.archives-ouvertes.fr/tel-02896043v2,Amel Chaïb Setti
https://tel.archives-ouvertes.fr/tel-02896541,Vincent Lasseur
https://tel.archives-ouvertes.fr/tel-02896503,Elie Marcheteau
https://tel.archives-ouvertes.fr/tel-02896490,Jimmy Debladis
https://tel.archives-ouvertes.fr/tel-02896486,Sravani Teja Bulusu
https://tel.archives-ouvertes.fr/tel-02896471,Michaël Mounié
https://tel.archives-ouvertes.fr/tel-02896422,Sandra Bardot
https://tel.archives-ouvertes.fr/tel-02896418,Melouka Bellil
https://tel.archives-ouvertes.fr/tel-02896408,Camille Decroix
https://tel.archives-ouvertes.fr/tel-02896373,Mohamed Hadi Mohamed Abdelhamid
https://tel.archives-ouvertes.fr/tel-02896353,Jihyun Kim
https://tel.archives-ouvertes.fr/tel-02896345,Pierre-Henri Nattes
https://tel.archives-ouvertes.fr/tel-02896279,Daniel Ricardo Peñaranda
https://tel.archives-ouvertes.fr/tel-02896270,Clara Schulmann
https://tel.archives-ouvertes.fr/tel-02895785v2,Henri Noël Bernard
https://hal-normandie-univ.archives-ouvertes.fr/tel-02889289,Feiyi Zhu
https://tel.archives-ouvertes.fr/tel-02896225,Mensan Metodjo
https://tel.archives-ouvertes.fr/tel-02896134,Marie-Helene Genest
https://hal.archives-ouvertes.fr/tel-02896060,Hugo Bertillot
https://hal.archives-ouvertes.fr/tel-02895966,Joachim Crevat
https://tel.archives-ouvertes.fr/tel-02895725,Marina Céline Bayeba
https://tel.archives-ouvertes.fr/tel-02895646,Myriam Orquéra
https://tel.archives-ouvertes.fr/tel-02895644,Mohammed Sabir
https://tel.archives-ouvertes.fr/tel-02895634,Mohammed Sabir
https://hal.univ-grenoble-alpes.fr/tel-02895590,Jhan-Carlo Espinoza
https://tel.archives-ouvertes.fr/tel-02895448,Christine Camredon - van Berten
https://tel.archives-ouvertes.fr/tel-02895440,Sid Ahmed Walid Talha
https://tel.archives-ouvertes.fr/tel-02895434,Maione Rocha de Castro Cardoso
https://tel.archives-ouvertes.fr/tel-02895430,Elpida Sklika
https://tel.archives-ouvertes.fr/tel-02895410,Laurence Agnes
https://tel.archives-ouvertes.fr/tel-02895378,Pauline Picot
https://tel.archives-ouvertes.fr/tel-02895372,Laurence Duchaine-Guillon
https://tel.archives-ouvertes.fr/tel-02895201,Jonas Maruani
https://tel.archives-ouvertes.fr/tel-02895179,Martin Killian
https://tel.archives-ouvertes.fr/tel-02894011v2,Léa Dumortier
https://tel.archives-ouvertes.fr/tel-02895126,Stéphanie Folio-Paravéman
https://tel.archives-ouvertes.fr/tel-02466357v2,Amélia Nadal
https://tel.archives-ouvertes.fr/tel-02895089,Isabelle Planes
https://tel.archives-ouvertes.fr/tel-02893286v2,Benjamin Lorendeau
https://tel.archives-ouvertes.fr/tel-02895017,Thomas Blanchet
https://tel.archives-ouvertes.fr/tel-02895005,Jeane Vaugenot
https://tel.archives-ouvertes.fr/tel-02895003,Minori Noda
https://tel.archives-ouvertes.fr/tel-02894991,Mélanie Anderson-Dupéré
https://hal.archives-ouvertes.fr/tel-01939001v2,Julien Demenois
https://tel.archives-ouvertes.fr/tel-02894979,Hélène Caillet
https://tel.archives-ouvertes.fr/tel-02894971,Catherine Puliero
https://tel.archives-ouvertes.fr/tel-02894945,Lucille Kuhler
https://tel.archives-ouvertes.fr/tel-02894886,Galy Ingrid Nkou Bouala
https://tel.archives-ouvertes.fr/tel-02894884,Thibauld Cazimajou
https://tel.archives-ouvertes.fr/tel-02894853,Houssameddine Ammi
https://tel.archives-ouvertes.fr/tel-02894842,Sandra Potin
https://tel.archives-ouvertes.fr/tel-02894763,Quang Huy Dang
https://hal.archives-ouvertes.fr/tel-02885405,Sandrine Vaton
https://hal.archives-ouvertes.fr/tel-02894742,Patrick Perea
https://tel.archives-ouvertes.fr/tel-02894684,Rana Alhalabi
https://tel.archives-ouvertes.fr/tel-02894653,Robert Chlela
https://tel.archives-ouvertes.fr/tel-02894030v2,Julie Gagnaire
https://hal.archives-ouvertes.fr/tel-02305553v2,Rénald Chalayer
https://tel.archives-ouvertes.fr/tel-02894565,Valentin Ledoux
https://tel.archives-ouvertes.fr/tel-02894533,Mohamed Cheraki
https://tel.archives-ouvertes.fr/tel-02894510,Romain Lucas
https://tel.archives-ouvertes.fr/tel-02894094,Pierre Derennes
https://tel.archives-ouvertes.fr/tel-02894092,Thibault Jeannin
https://tel.archives-ouvertes.fr/tel-02894065,Marie-Noëlle Paludetto
https://tel.archives-ouvertes.fr/tel-02894057,Elodie Despouy
https://tel.archives-ouvertes.fr/tel-02894049,Thibaut Marin-Cudraz
https://tel.archives-ouvertes.fr/tel-02893926,Estelle Secourgeon
https://tel.archives-ouvertes.fr/tel-02893851,Rim Faraj
https://tel.archives-ouvertes.fr/tel-02893810,Charlotte Maugard
https://tel.archives-ouvertes.fr/tel-02893781,Arnaud Di Franco
https://tel.archives-ouvertes.fr/tel-02893779,Céline Manenti
https://tel.archives-ouvertes.fr/tel-02893766,Paul Guerby
https://tel.archives-ouvertes.fr/tel-02893759,Maël Valais
https://tel.archives-ouvertes.fr/tel-02893756,Charlotte Bon
https://tel.archives-ouvertes.fr/tel-02893645,Ruben Fotso
https://tel.archives-ouvertes.fr/tel-02893629,Pauline Choma
https://tel.archives-ouvertes.fr/tel-02893545,Émile Boyer
https://tel.archives-ouvertes.fr/tel-02893527,Sharmila Sagnier
https://tel.archives-ouvertes.fr/tel-02893496,Omid Feizbakhsh
https://tel.archives-ouvertes.fr/tel-02893469,Emilie Carail
https://tel.archives-ouvertes.fr/tel-02893468,Hélène Rougé-Labriet
https://tel.archives-ouvertes.fr/tel-02893433,Caroline Schaal
https://tel.archives-ouvertes.fr/tel-02893431,Mélody Mailliez
https://tel.archives-ouvertes.fr/tel-02893415,Thibault Le Roux-Mallouf
https://hal.archives-ouvertes.fr/tel-02893413,Gaëlle Brévalle
https://tel.archives-ouvertes.fr/tel-02893384,Thomas Osinski
https://tel.archives-ouvertes.fr/tel-02893363,Amandine Duchaussoy
https://tel.archives-ouvertes.fr/tel-02893321,Julie Larribaut
https://pastel.archives-ouvertes.fr/tel-02892100v2,Victor Fabre
https://pastel.archives-ouvertes.fr/tel-02892069v2,Ekkarin Phongphinittana
https://tel.archives-ouvertes.fr/tel-02893239,Hélène Rohou
https://tel.archives-ouvertes.fr/tel-02893238,Nelson Laurent
https://tel.archives-ouvertes.fr/tel-02893236,Lucie Dal Soglio
https://tel.archives-ouvertes.fr/tel-02893161,Charlotte Heinzlef
https://tel.archives-ouvertes.fr/tel-02893134,Emilie Prevost
https://tel.archives-ouvertes.fr/tel-02893130,Muriel Molinier
https://tel.archives-ouvertes.fr/tel-01915552,Benjamin Lorre
https://tel.archives-ouvertes.fr/tel-02892892,Lucie Vialard
https://tel.archives-ouvertes.fr/tel-02892891,Julia Wang
https://tel.archives-ouvertes.fr/tel-02892890,Florian Boiroux
https://tel.archives-ouvertes.fr/tel-02892830,Anaïs Fabriol
https://tel.archives-ouvertes.fr/tel-02892824,Pedro Maciel Guimarães
https://hal.archives-ouvertes.fr/tel-02892815,Gaël Kervella
https://tel.archives-ouvertes.fr/tel-02892810,Jean-David Gothie
https://tel.archives-ouvertes.fr/tel-02892804,Véronique Perruchon
https://hal.archives-ouvertes.fr/tel-02892799,Catherine Hérault-Fournier
https://tel.archives-ouvertes.fr/tel-02892788,Leonardo López Luján
https://tel.archives-ouvertes.fr/tel-02892782,Sami Chatti
https://tel.archives-ouvertes.fr/tel-02892746,Nicolas Harmand
https://tel.archives-ouvertes.fr/tel-02892737,Clémentine Périnaud
https://tel.archives-ouvertes.fr/tel-02892713,Houssein Charmarkeh
https://tel.archives-ouvertes.fr/tel-02892611,Jean-Étienne Terrier
https://tel.archives-ouvertes.fr/tel-02892554,Fei Mao
https://tel.archives-ouvertes.fr/tel-02892490,Adrien Chassaigne
https://tel.archives-ouvertes.fr/tel-02892287v2,Marion Picquart
https://tel.archives-ouvertes.fr/tel-02892306,Pauline Noblecourt
https://tel.archives-ouvertes.fr/tel-02892233,Clara Joseph
https://tel.archives-ouvertes.fr/tel-02616992,Romuald Tagne Fotso
https://tel.archives-ouvertes.fr/tel-02892138,Clémence Foulquier
https://pastel.archives-ouvertes.fr/tel-02892123,Boris Martin
https://pastel.archives-ouvertes.fr/tel-02892096,Olivier Ther
https://pastel.archives-ouvertes.fr/tel-01141809v2,Amandine Chevalier
https://pastel.archives-ouvertes.fr/tel-02892024v2,Mériem Abikchi
https://tel.archives-ouvertes.fr/tel-02892080,Pietro Terzi
https://pastel.archives-ouvertes.fr/tel-02892066,Jérémie Fricker
https://pastel.archives-ouvertes.fr/tel-02892064,Fabien Thibault
https://tel.archives-ouvertes.fr/tel-02892061,Elodie Peeters
https://tel.archives-ouvertes.fr/tel-02892051,Leticia Andlauer
https://pastel.archives-ouvertes.fr/tel-02892039,Clémentine Fellah
https://tel.archives-ouvertes.fr/tel-02892034,Valérie Pérès
https://tel.archives-ouvertes.fr/tel-02892016,Abdou Kélani
https://tel.archives-ouvertes.fr/tel-02892013,Isabelle Gaborieau
https://tel.archives-ouvertes.fr/tel-02891961,Ugo Mureddu
https://tel.archives-ouvertes.fr/tel-02891934,Alexandre Kabil
https://tel.archives-ouvertes.fr/tel-02891882,Laurent Borzillo
https://tel.archives-ouvertes.fr/tel-02891874,Ismaël Ramajo
https://tel.archives-ouvertes.fr/tel-02891842,Lena Verchere
https://tel.archives-ouvertes.fr/tel-02890956v2,Emna Sghaier
https://tel.archives-ouvertes.fr/tel-02889301v2,Adelaide Mailhac
https://tel.archives-ouvertes.fr/tel-02888679v2,Matthieu Quantin
https://tel.archives-ouvertes.fr/tel-02886498v2,Julien Genitoni
https://tel.archives-ouvertes.fr/tel-02883745v2,Élise Pampanay
https://tel.archives-ouvertes.fr/tel-02880639v2,Vincent-Raphaël Carinola
https://tel.archives-ouvertes.fr/tel-02875991v2,Lorraine Awhangbo
https://tel.archives-ouvertes.fr/tel-02874584v2,Nessrine Bellamri
https://tel.archives-ouvertes.fr/tel-02864745v2,Jianwei Shi
https://hal.archives-ouvertes.fr/tel-02891799,Mohamed Aouadhi
https://tel.archives-ouvertes.fr/tel-02891797,Alaa Kobeissi
https://tel.archives-ouvertes.fr/tel-02864818v2,Mathieu de Langlard
https://tel.archives-ouvertes.fr/tel-02891564,Ruggero Iori
https://hal.archives-ouvertes.fr/tel-02891534,Jacques-Henri Guignard
https://hal.archives-ouvertes.fr/tel-02891137,Patrick Lanusse
https://pastel.archives-ouvertes.fr/tel-02891098,Mélanie Le Barz
https://tel.archives-ouvertes.fr/tel-02890934v2,Stephanie Germani
https://tel.archives-ouvertes.fr/tel-02890981v2,Pauline Duriez
https://tel.archives-ouvertes.fr/tel-02890984v2,Jonathan Tranel
https://tel.archives-ouvertes.fr/tel-02891029,Karine Salin
https://hal.univ-lorraine.fr/tel-02555739,Hélène Losson
https://tel.archives-ouvertes.fr/tel-02890862,Moustafa Zmerli
https://tel.archives-ouvertes.fr/tel-02890733,Amar Laidani
https://tel.archives-ouvertes.fr/tel-02890711,Hugo Jacob
https://tel.archives-ouvertes.fr/tel-02890686,Hugo M'Baye
https://tel.archives-ouvertes.fr/tel-02890664,Dorian Battivelli
https://tel.archives-ouvertes.fr/tel-02890657,Ilyas Ennahal
https://tel.archives-ouvertes.fr/tel-02890624,Youssef Saber Hanna
https://tel.archives-ouvertes.fr/tel-02890602,Léa Perez
https://tel.archives-ouvertes.fr/tel-02890546,Hélène Hardy
https://tel.archives-ouvertes.fr/tel-02890531,Jean Evenson Lizaire
https://tel.archives-ouvertes.fr/tel-02890529,Clémence Roche
https://tel.archives-ouvertes.fr/tel-02888641v2,Elise-Annunziata Neuilly
https://tel.archives-ouvertes.fr/tel-02890501,Elsa Kohlhauer
https://hal.archives-ouvertes.fr/tel-02890491,Florian Gaudfrin
https://tel.archives-ouvertes.fr/tel-02890433,Eva Queheille
https://hal.archives-ouvertes.fr/tel-02890432,Charles Rigoudy
https://hal.archives-ouvertes.fr/tel-02890410,Ran Bao
https://tel.archives-ouvertes.fr/tel-01697151v2,Marie Bonte
https://tel.archives-ouvertes.fr/tel-02890400,Stanislas Henrion
https://tel.archives-ouvertes.fr/tel-02890399,Marion Bordier Bouchot
https://tel.archives-ouvertes.fr/tel-02890387,Lucas Le Lann
https://tel.archives-ouvertes.fr/tel-02890385,Ricardo Ratsimba Andriatsiaronandroy Onjanamboara
https://hal.archives-ouvertes.fr/tel-02890367,Emilie Jahanpour
https://hal.archives-ouvertes.fr/tel-02890337,Vincent Drouet
https://hal.archives-ouvertes.fr/tel-02890285,Pierre Doublet
https://hal.archives-ouvertes.fr/tel-02890265,Thibault Xavier
https://tel.archives-ouvertes.fr/tel-02890253,Adrien Dufourny
https://tel.archives-ouvertes.fr/tel-02890242,Fiona Magliozzi
https://hal.archives-ouvertes.fr/tel-02890217,Quentin Levard
https://tel.archives-ouvertes.fr/tel-02890182,Alexandre Lourdeaux
https://tel.archives-ouvertes.fr/tel-02890180,Zhenhui Chen
https://hal.archives-ouvertes.fr/tel-02890173,Pierre Schickele
https://tel.archives-ouvertes.fr/tel-02889932,Pierre Fauret
https://hal.archives-ouvertes.fr/tel-02889911,Marc Moyon
https://hal.archives-ouvertes.fr/tel-02883116,Elen Riot
https://tel.archives-ouvertes.fr/tel-02889825,Clément Musil
https://hal.archives-ouvertes.fr/tel-02889798,Uriell Choquet
https://hal.archives-ouvertes.fr/tel-02889752,Myriem Auger
https://tel.archives-ouvertes.fr/tel-02889750,Giovanna Giacalone
https://tel.archives-ouvertes.fr/tel-02889749,Bénédicte Pradines
https://hal.archives-ouvertes.fr/tel-02889743,Julien Thuillier
https://pastel.archives-ouvertes.fr/tel-02889441,Raphaël Stephens
https://hal.archives-ouvertes.fr/tel-02889425,Brice Kouakou Bla
https://tel.archives-ouvertes.fr/tel-02889414,Boris Segret
https://hal.archives-ouvertes.fr/tel-02889375,Nicolas Magdelaine
https://tel.archives-ouvertes.fr/tel-02884930v2,عبد الرحمن السحيباني
https://tel.archives-ouvertes.fr/tel-02889163,Enghok Leang
https://tel.archives-ouvertes.fr/tel-02434438v2,Benjamin Chambelland
https://tel.archives-ouvertes.fr/tel-02888848,Sébastien Aubry
https://tel.archives-ouvertes.fr/tel-02888832,Mélissa Clément Chami
https://hal.archives-ouvertes.fr/tel-02888793,Bénédicte Hertz
https://tel.archives-ouvertes.fr/tel-02888769,Charlotte Martinat
https://tel.archives-ouvertes.fr/tel-02888765,Julien Wils
https://tel.archives-ouvertes.fr/tel-02888696,Pierre Holat
https://tel.archives-ouvertes.fr/tel-02888695,Marie Morvan
https://pastel.archives-ouvertes.fr/tel-02888685,Charles Cernay
https://tel.archives-ouvertes.fr/tel-02888660,Amina Mseddi
https://tel.archives-ouvertes.fr/tel-02888659,Carolina Pinto Baleisan
https://tel.archives-ouvertes.fr/tel-02888645,Ba Tung Pham
https://tel.archives-ouvertes.fr/tel-02888599,Emilie Lavie
https://tel.archives-ouvertes.fr/tel-02888623,Armelle Gastinne-Biclet
https://tel.archives-ouvertes.fr/tel-02885898v2,Clotilde Boudot
https://tel.archives-ouvertes.fr/tel-02887924,Emmanuelle Homonnay
https://tel.archives-ouvertes.fr/tel-02888343,William Chèvremont
https://tel.archives-ouvertes.fr/tel-02888342,Tarak Arbi
https://tel.archives-ouvertes.fr/tel-02888340,Johanna Roche
https://tel.archives-ouvertes.fr/tel-02888313,Audrey Giremus
https://tel.archives-ouvertes.fr/tel-02888105,Houda Maimouni
https://tel.archives-ouvertes.fr/tel-02888073,Lila Kaci
https://hal.univ-lorraine.fr/tel-02888058,Sépideh Shaghaghi Nejad
https://tel.archives-ouvertes.fr/tel-02888014,Anne Meyer
https://hal.archives-ouvertes.fr/tel-02887871,Elsa Gatelier
https://tel.archives-ouvertes.fr/tel-02887834,Aristoteles Aguilar Virgen
https://hal.umontpellier.fr/tel-02883767,Laurent Visier
https://hal.univ-lorraine.fr/tel-02887753,Hendry Brousse
https://tel.archives-ouvertes.fr/tel-02887606v2,Guillaume Conraud
https://hal.archives-ouvertes.fr/tel-02887622,Cyril Poupet
https://tel.archives-ouvertes.fr/tel-02887594,Bertrand Coulombel
https://hal.archives-ouvertes.fr/tel-02616138v2,Jean-Loup Gregorio
https://tel.archives-ouvertes.fr/tel-02887365,Kablan Koffi
https://pastel.archives-ouvertes.fr/tel-02887252,Thai Le Hong
https://hal.archives-ouvertes.fr/tel-02887226,Adelaide Nascimento
https://tel.archives-ouvertes.fr/tel-02887170,Ariane Picard-Gallart
https://tel.archives-ouvertes.fr/tel-02887090v2,Mamadou Keïta
https://tel.archives-ouvertes.fr/tel-02887102,Loïc Bordes
https://tel.archives-ouvertes.fr/tel-02887101,Clémence Méausoone
https://tel.archives-ouvertes.fr/tel-02887098,Fatma Lehyani
https://tel.archives-ouvertes.fr/tel-02887095,Thomas Michaud
https://tel.archives-ouvertes.fr/tel-02887093,Benjamin Bouyer
https://tel.archives-ouvertes.fr/tel-02887091,Sourou Meatchi
https://tel.archives-ouvertes.fr/tel-02887089,Arthur Viodé
https://tel.archives-ouvertes.fr/tel-02887086,Vu Tung Lam Tran
https://tel.archives-ouvertes.fr/tel-02887085,Zilhy Maryvonne Alice Dadie Dobe-Yoro
https://tel.archives-ouvertes.fr/tel-02887083,Fiona Bartoli
https://pastel.archives-ouvertes.fr/tel-02887081,Marc Bengulescu
https://tel.archives-ouvertes.fr/tel-02886773,Mariem Ben Ameur
https://tel.archives-ouvertes.fr/tel-02886690,Marion Normand
https://tel.archives-ouvertes.fr/tel-02886674,Jonathan Dezecot
https://tel.archives-ouvertes.fr/tel-02886672,Dorian Kodelja Bonan
https://tel.archives-ouvertes.fr/tel-02886659,Nicolas Bourdel
https://tel.archives-ouvertes.fr/tel-02886626,Maxence Lafon
https://tel.archives-ouvertes.fr/tel-02886625,Mondher Haggui
https://tel.archives-ouvertes.fr/tel-02886527,Romualdo de Barros Correia
https://hal.archives-ouvertes.fr/tel-02886503,Anne Fournier
https://tel.archives-ouvertes.fr/tel-02544949v4,Iboukoun Christian Alle
https://tel.archives-ouvertes.fr/tel-02546348v3,Iboukoun Christian Alle
https://tel.archives-ouvertes.fr/tel-02886428,Cyril Guilhen
https://tel.archives-ouvertes.fr/tel-02886426,Coffi Belmys Cakpo
https://tel.archives-ouvertes.fr/tel-02886414,Lina Sofia Lara Largo
https://tel.archives-ouvertes.fr/tel-02886363,Etienne Almayrac
https://tel.archives-ouvertes.fr/tel-02886331,Anne-Laure Edme
https://tel.archives-ouvertes.fr/tel-02886329,Boris Obama
https://tel.archives-ouvertes.fr/tel-02886278,Clément Petitgonnet
https://hal.archives-ouvertes.fr/tel-02886244,Valéry Larue
https://tel.archives-ouvertes.fr/tel-02886220,Lauriane Roux
https://tel.archives-ouvertes.fr/tel-02886215,Célestin Ott
https://tel.archives-ouvertes.fr/tel-02886210,Maud Jusot
https://tel.archives-ouvertes.fr/tel-02886152,Guillaume Walter
https://tel.archives-ouvertes.fr/tel-02886124,Adrien Couture
https://tel.archives-ouvertes.fr/tel-02886123,Edouard Rollin
https://hal.archives-ouvertes.fr/tel-02886096,Christophe Bonnet
https://tel.archives-ouvertes.fr/tel-02886033,Morgane Ourry
https://tel.archives-ouvertes.fr/tel-02885982,David Gruet
https://tel.archives-ouvertes.fr/tel-02885960,Élie Gouzien
https://tel.archives-ouvertes.fr/tel-02885958,Louis-David Arthaut
https://tel.archives-ouvertes.fr/tel-02885897,Florence Dufreneix
https://tel.archives-ouvertes.fr/tel-02885857,Fernanda Arioli Heck
https://hal.archives-ouvertes.fr/tel-02885833,Mathieu Gruet
https://hal.inrae.fr/tel-02787338,Gningnini Alain Kone
https://tel.archives-ouvertes.fr/tel-02885756,Yves Parrend
https://tel.archives-ouvertes.fr/tel-02885755,Armand Desprairies
https://tel.archives-ouvertes.fr/tel-02885752,Antoine Rousseau
https://tel.archives-ouvertes.fr/tel-02885751,Maria Dolores Cano Romero
https://tel.archives-ouvertes.fr/tel-02885750,Pauline Bezivin
https://tel.archives-ouvertes.fr/tel-02885749,Khalil Al- Hmedi
https://tel.archives-ouvertes.fr/tel-02885748,Mouhamadou Lamine Sakho
https://pastel.archives-ouvertes.fr/tel-02884782v2,Thi Xiu Le
https://hal.archives-ouvertes.fr/tel-02885545,Marie Robert
https://tel.archives-ouvertes.fr/tel-02885495,Khouloud Azzez
https://tel.archives-ouvertes.fr/tel-02885485,Vivien Chavanelle
https://hal.archives-ouvertes.fr/tel-02885483,Laurence Manolakakis
https://tel.archives-ouvertes.fr/tel-02885439,Elodie Baudu
https://tel.archives-ouvertes.fr/tel-02885400,Hien Luong Nguyen
https://tel.archives-ouvertes.fr/tel-02885391,Julien Sion
https://tel.archives-ouvertes.fr/tel-02885352,Christophe Mathe
https://tel.archives-ouvertes.fr/tel-02885253,Maxime Deshayes
https://hal.archives-ouvertes.fr/tel-02885141,Aristide Bérenger Ako
https://hal.laas.fr/tel-02885125,Benjamin Boisnard
https://tel.archives-ouvertes.fr/tel-02885115,Loredana d'Avino
https://tel.archives-ouvertes.fr/tel-02885113,Tristan Lurthy
https://hal.inrae.fr/tel-02885089,Yohan Reynaud
https://hal.archives-ouvertes.fr/tel-02885084,Marcel Gnamien Ahon
https://tel.archives-ouvertes.fr/tel-02884736v2,Pierre-Nicolas Barenot
https://hal.archives-ouvertes.fr/tel-02885026,Aline Degorre
https://tel.archives-ouvertes.fr/tel-02885056,Aravindan Nadaradjane
https://tel.archives-ouvertes.fr/tel-02885035,Youcef Ibaouene
https://tel.archives-ouvertes.fr/tel-02885008,Hubert Seran
https://tel.archives-ouvertes.fr/tel-02885002,Mathilde Girault
https://tel.archives-ouvertes.fr/tel-02885000,Francis Lacroix
https://tel.archives-ouvertes.fr/tel-02884996,Mahsa Feizi
https://pastel.archives-ouvertes.fr/tel-02884926,Nicolas Pignet
https://tel.archives-ouvertes.fr/tel-02884894,Kim Vu
https://tel.archives-ouvertes.fr/tel-02884873,Benjamin Lac
https://tel.archives-ouvertes.fr/tel-02518210v2,Ségolène Charles
https://tel.archives-ouvertes.fr/tel-02884842,Amandine Gontier
https://hal.archives-ouvertes.fr/tel-02884762,Christophe Farges
https://tel.archives-ouvertes.fr/tel-02884756,Lisa Chaba
https://pastel.archives-ouvertes.fr/tel-02884693,Vinh Hoang Tan Le
https://hal.archives-ouvertes.fr/tel-02884611,Samantha Ruvoletto
https://tel.archives-ouvertes.fr/tel-02884582,Frédérique Mouzer
https://hal.archives-ouvertes.fr/tel-02884575,Clement Nicolas
https://hal.archives-ouvertes.fr/tel-02884450,Guillaume Colin de Verdiere
https://hal.archives-ouvertes.fr/tel-02884439,Livinus Tuyisenge
https://hal.archives-ouvertes.fr/tel-02884426,Zied Ben Othmane
https://hal.archives-ouvertes.fr/tel-02884420,Joris Falip
https://hal.archives-ouvertes.fr/tel-02884412,Hoai Phuong Nguyen
https://hal.archives-ouvertes.fr/tel-02884328,Paulette Robic
https://tel.archives-ouvertes.fr/tel-02884327,Daniel Le Berre
https://hal.archives-ouvertes.fr/tel-02884297,Mahamat Charfadine Salim
https://hal.archives-ouvertes.fr/tel-02884294,Cuong Hung Tran
https://tel.archives-ouvertes.fr/tel-02884251,Antoine Gintrand
https://pastel.archives-ouvertes.fr/tel-02884212,Grégoire Ferré
https://tel.archives-ouvertes.fr/tel-02884186,Linda Widad
https://tel.archives-ouvertes.fr/tel-02884121,Tamara Pogosian
https://hal-riip.archives-ouvertes.fr/tel-02884075,Syndou Meité
https://tel.archives-ouvertes.fr/tel-02883979,Steven Christophe
https://tel.archives-ouvertes.fr/tel-02883976,Baudry Rocquin
https://tel.archives-ouvertes.fr/tel-02883956,Pauline Crouzat
https://tel.archives-ouvertes.fr/tel-02883939,Laura Guerrier
https://tel.archives-ouvertes.fr/tel-02883864,Elodie Mezzatesta
https://tel.archives-ouvertes.fr/tel-02883759,Pauline Piraud-Fournet
https://hal.archives-ouvertes.fr/tel-02883713,Hosnia Choukri
https://hal.archives-ouvertes.fr/tel-02883668,Adeline Latimier-Ionoff
https://tel.archives-ouvertes.fr/tel-02883525,Lanfang Guo
https://tel.archives-ouvertes.fr/tel-02883523,Stéphanie Dayot
https://hal.archives-ouvertes.fr/tel-02883514,Séverine Masson
https://tel.archives-ouvertes.fr/tel-02883421,Matthieu Brun
https://tel.archives-ouvertes.fr/tel-02883405,Laura Puygrenier
https://tel.archives-ouvertes.fr/tel-02883391,Ghidaa Badran
https://hal.univ-lorraine.fr/tel-02883373,Chloé Lucidarme
https://tel.archives-ouvertes.fr/tel-02883268,Marie Daclin
https://tel.archives-ouvertes.fr/tel-02883264,Kouamé Innocent Kolia
https://tel.archives-ouvertes.fr/tel-02883242,Djéha Rosine Yao
https://hal.archives-ouvertes.fr/tel-02874173,France Aubin
https://hal.archives-ouvertes.fr/tel-02883236,Geoffrey Wilhelm
https://hal.archives-ouvertes.fr/tel-02883234,Mohamed Niang
https://hal.archives-ouvertes.fr/tel-02883229,Gaëtan Rubez
https://hal.archives-ouvertes.fr/tel-02883222,Rabih Assaf
https://hal.archives-ouvertes.fr/tel-02883219,Youssef Ech-Choudany
https://hal.archives-ouvertes.fr/tel-02883217,Florian Mazière
https://hal.archives-ouvertes.fr/tel-02883216,Jean Petit
https://hal.archives-ouvertes.fr/tel-02883213,Jean-Charles Risch
https://hal.archives-ouvertes.fr/tel-02883212,Abdelmadjid Cherifi
https://hal.archives-ouvertes.fr/tel-02883210,Khaled Laboudi
https://hal.archives-ouvertes.fr/tel-02883207,Mohamed Abdelmoula
https://hal.archives-ouvertes.fr/tel-02883206,Bassirou Gueye
https://hal.archives-ouvertes.fr/tel-02883204,Anas Hanaf
https://hal.archives-ouvertes.fr/tel-02883202,Sanaa Kerroumi
https://hal.archives-ouvertes.fr/tel-02883201,Muhannad Ismael
https://hal.archives-ouvertes.fr/tel-02883200,Adel Naoui
https://hal-univ-tlse2.archives-ouvertes.fr/tel-02883199,Christiana Charalampopoulou
https://tel.archives-ouvertes.fr/tel-02883196,Elwan Héry
https://tel.archives-ouvertes.fr/tel-02882909,Alexis Carreras
https://tel.archives-ouvertes.fr/tel-02882896,Jean-Michel Pereira
https://hal.archives-ouvertes.fr/tel-02882862,Steve Jeffrey Tueno Fotso
https://hal.archives-ouvertes.fr/tel-02876023,Kévin François
https://tel.archives-ouvertes.fr/tel-02882643,Emilie Mathieu-Scheers
https://hal-espci.archives-ouvertes.fr/tel-02460600v2,Alexandre Mansur
https://tel.archives-ouvertes.fr/tel-02882370,Benoit Cheneau
https://tel.archives-ouvertes.fr/tel-02882364,Valentin Lacanau
https://tel.archives-ouvertes.fr/tel-02882259,Clément Llena
https://tel.archives-ouvertes.fr/tel-02882088,Samir Bensaid
https://tel.archives-ouvertes.fr/tel-02882075,Samy Jambon
https://tel.archives-ouvertes.fr/tel-02882024,Edouard Huard de Verneuil
https://tel.archives-ouvertes.fr/tel-02881998,Samir Beldi
https://tel.archives-ouvertes.fr/tel-02881987,Mehdi Yedroudj
https://tel.archives-ouvertes.fr/tel-02881966,Agnès Le Tollec
https://tel.archives-ouvertes.fr/tel-02881956,Tracy Pioche
https://hal.archives-ouvertes.fr/tel-02881946,Daniel Le Berre
https://tel.archives-ouvertes.fr/tel-02881931,Duncan Bossion
https://tel.archives-ouvertes.fr/tel-02881912,Minh Quan Le
https://tel.archives-ouvertes.fr/tel-02881874,Valentine Mazurier
https://tel.archives-ouvertes.fr/tel-02881829,Mira Khair
https://hal.archives-ouvertes.fr/tel-02881758,Loïc Ferreira
https://tel.archives-ouvertes.fr/tel-02881686v2,Maria Eulaidia De Araujo
https://tel.archives-ouvertes.fr/tel-02881688,Mohamed Khalis
https://tel.archives-ouvertes.fr/tel-02881628,Fanny Le Guillou
https://tel.archives-ouvertes.fr/tel-02881618,Windbedema Prisca Ouedraogo
https://tel.archives-ouvertes.fr/tel-02881563,David Barreiro Jiménez
https://tel.archives-ouvertes.fr/tel-02881557,Sarra Tadrent
https://tel.archives-ouvertes.fr/tel-02881448,Catherine Bosser
https://tel.archives-ouvertes.fr/tel-02881443,Georges André Baronce
https://tel.archives-ouvertes.fr/tel-02881418,Théo Gavoille
https://tel.archives-ouvertes.fr/tel-02881403,Anis Baklouti
https://tel.archives-ouvertes.fr/tel-02881387,Carole Wernert
https://tel.archives-ouvertes.fr/tel-02881334,Guangzhi Chen
https://hal.univ-lorraine.fr/tel-02881266,Abdoulaye Maihatchi-Ahamed
https://hal.univ-lorraine.fr/tel-02881242,Margaux Duroeulx
https://hal.archives-ouvertes.fr/tel-02881238,Marie-Christine Lagasquie-Schiex
https://tel.archives-ouvertes.fr/tel-02881235,Jérémy Dougal
https://tel.archives-ouvertes.fr/tel-02881116,Soumiya Bendjebla
https://hal.archives-ouvertes.fr/tel-02880952,Jimmy Francky Randrianasoa
https://tel.archives-ouvertes.fr/tel-02880929,Samuel Chiche
https://tel.archives-ouvertes.fr/tel-02880851,Oscar Aze
https://tel.archives-ouvertes.fr/tel-02152341v2,Jérémy Avice
https://tel.archives-ouvertes.fr/tel-02880777,Rabeb Chamekh
https://halshs.archives-ouvertes.fr/tel-02880765,Valérie Jousseaume
https://tel.archives-ouvertes.fr/tel-02880317v2,Marie Audran
https://hal.laas.fr/tel-02880658,Jonathan Roux
https://tel.archives-ouvertes.fr/tel-02880650,Florine Garlot
https://hal.laas.fr/tel-02880629,Alexandre Sahuguède
https://tel.archives-ouvertes.fr/tel-02880615,Maxence Wangermez
https://tel.archives-ouvertes.fr/tel-02880580,Aurélien Fouque
https://tel.archives-ouvertes.fr/tel-02572269,Sylvie Sabatier
https://tel.archives-ouvertes.fr/tel-02880456,Carine Tandzi Limofack
https://tel.archives-ouvertes.fr/tel-02880443,Alejandra Mogrovejo Valdivia
https://pastel.archives-ouvertes.fr/tel-02880324,Francoise Vernier
https://hal.archives-ouvertes.fr/tel-02880302,Sylvaine Leblond Martin
https://halshs.archives-ouvertes.fr/tel-02863855v2,Belghith Derouiche
https://tel.archives-ouvertes.fr/tel-02880185,Pierre-Yves Jonin
https://tel.archives-ouvertes.fr/tel-02880155,Aka Jacques Adon
https://tel.archives-ouvertes.fr/tel-02880152,Mathilde Berthomier
https://hal.archives-ouvertes.fr/tel-02880144,Sébastien Levilly
https://tel.archives-ouvertes.fr/tel-02880120,Philippine Garret
https://tel.archives-ouvertes.fr/tel-02880112,Seyed Ramtin Shayan Azad
https://tel.archives-ouvertes.fr/tel-02880110,Alice Prudhomme
https://tel.archives-ouvertes.fr/tel-02880079,Adrien Le Navenant
https://tel.archives-ouvertes.fr/tel-01613598v2,Mélanie Pommerieux
https://tel.archives-ouvertes.fr/tel-02880022,Etienne Lavoine
https://tel.archives-ouvertes.fr/tel-02880020,Maxime Demazeau
https://tel.archives-ouvertes.fr/tel-02880019,Laurent Nabias
https://pastel.archives-ouvertes.fr/tel-02880018,Anne-Ilham El Menjra
https://tel.archives-ouvertes.fr/tel-02880011,Julien Marbaix
https://tel.archives-ouvertes.fr/tel-02879973,Camille Lamarche
https://tel.archives-ouvertes.fr/tel-02879969,Tony Jin
https://pastel.archives-ouvertes.fr/tel-02879968,Mishael Stanley
https://tel.archives-ouvertes.fr/tel-02879967,Elie Paccou
https://hal.laas.fr/tel-02024341v2,Emma Desvignes
https://pastel.archives-ouvertes.fr/tel-02879932,Eléa Vernack
https://pastel.archives-ouvertes.fr/tel-02879907,Adrien Bercegol
https://pastel.archives-ouvertes.fr/tel-02879895,Samantha Bourg
https://tel.archives-ouvertes.fr/tel-02879871,Khadija Bouraoui
https://pastel.archives-ouvertes.fr/tel-02879859,Jérémie Gouyon
https://tel.archives-ouvertes.fr/tel-02879843,Djihed Bensaad
https://tel.archives-ouvertes.fr/tel-02879835,Boqi Zhang
https://tel.archives-ouvertes.fr/tel-02879832,Hortense Plainfossé
https://tel.archives-ouvertes.fr/tel-02879807,Marie-Caroline Rotty
https://tel.archives-ouvertes.fr/tel-02879795,Meriem Jouini
https://tel.archives-ouvertes.fr/tel-02879613v2,Carolane Sanchez
https://tel.archives-ouvertes.fr/tel-02879776,Christophe Pradal
https://tel.archives-ouvertes.fr/tel-02879774,Julien Lamour
https://tel.archives-ouvertes.fr/tel-02879756,Christelle Aleo
https://pastel.archives-ouvertes.fr/tel-02879723,Aurelien Lepoetre
https://tel.archives-ouvertes.fr/tel-02879682,Thomas Franck
https://tel.archives-ouvertes.fr/tel-02879646,Hadjer Mamoune
https://tel.archives-ouvertes.fr/tel-02879637,Cécile Bartholome
https://tel.archives-ouvertes.fr/tel-02879627,Simon Calla
https://tel.archives-ouvertes.fr/tel-02879606,Maude Wagner
https://tel.archives-ouvertes.fr/tel-02879376,Hervé Paris de Bollardiere
https://tel.archives-ouvertes.fr/tel-02879359,Gary Quinsac
https://tel.archives-ouvertes.fr/tel-02879357,Henri Briche
https://tel.archives-ouvertes.fr/tel-02879327,Emilie Loustau
https://tel.archives-ouvertes.fr/tel-02879321,Maxime Daudet
https://tel.archives-ouvertes.fr/tel-02879316,Huy-Hieu Pham
https://tel.archives-ouvertes.fr/tel-02879299,Victor Njonbi
https://tel.archives-ouvertes.fr/tel-02879288,Louis Durey
https://tel.archives-ouvertes.fr/tel-02879267,Nicolas Dumont
https://tel.archives-ouvertes.fr/tel-02879253,Benjamin Lacas
https://tel.archives-ouvertes.fr/tel-02879252,Valentin Hetier
https://tel.archives-ouvertes.fr/tel-02879238,Clément Hottier
https://tel.archives-ouvertes.fr/tel-02879217,Abderrahmane Kais
https://tel.archives-ouvertes.fr/tel-02879199,Rasha Zghaibeh
https://tel.archives-ouvertes.fr/tel-02879189,Isabelle Namèche
https://tel.archives-ouvertes.fr/tel-02879097,Abicha Agnaou
https://tel.archives-ouvertes.fr/tel-02879095,Gabrielle Sueur
https://tel.archives-ouvertes.fr/tel-02879076,Alexandre Dubarry
https://tel.archives-ouvertes.fr/tel-02879065,Isabel Peinke
https://tel.archives-ouvertes.fr/tel-02879064,Jean-Paul Demarez
https://tel.archives-ouvertes.fr/tel-02363461,Nassabia Ali Saanda
https://hal.archives-ouvertes.fr/tel-02878991,Mahdi Zargayouna
https://tel.archives-ouvertes.fr/tel-02878990,Corinne Bouthier
https://hal.archives-ouvertes.fr/tel-02878957,Hind Ait Mhamed
https://tel.archives-ouvertes.fr/tel-02878954,Clémence Lonjon
https://tel.archives-ouvertes.fr/tel-02878937,Yann Duchemin
https://tel.archives-ouvertes.fr/tel-02682432v2,Charlène Faye
https://tel.archives-ouvertes.fr/tel-02384939v2,Pauline Girault
https://tel.archives-ouvertes.fr/tel-02175417v2,Elisabeth Njantcho Kouagang
https://tel.archives-ouvertes.fr/tel-02878784,Benjamin Leporq
https://tel.archives-ouvertes.fr/tel-02878737,Amira Bouabid
https://pastel.archives-ouvertes.fr/tel-02878713,Hamza Tazi
https://tel.archives-ouvertes.fr/tel-02878710,"May\, Emma Courie"
https://tel.archives-ouvertes.fr/tel-02878705,Laure Bouquerel
https://tel.archives-ouvertes.fr/tel-02172663v2,"Jean-Yves\, Olivier Samacher"
https://tel.archives-ouvertes.fr/tel-02275629v2,Laurine Bonet
https://tel.archives-ouvertes.fr/tel-02878396,Audrey Semont
https://tel.archives-ouvertes.fr/tel-02878381,Guillaume Trotignon
https://tel.archives-ouvertes.fr/tel-02878356,Saliou Sene
https://tel.archives-ouvertes.fr/tel-02878348,Perrine Soret
https://tel.archives-ouvertes.fr/tel-02878339,Maylou Vang
https://tel.archives-ouvertes.fr/tel-02878338,Christophe Sastourne-Gastou
https://tel.archives-ouvertes.fr/tel-02878336,Coralie Vennin
https://tel.archives-ouvertes.fr/tel-02878288,Hamza Maiz Hadj Ahmed
https://tel.archives-ouvertes.fr/tel-02877937,Brigitte Bayet
https://hal.archives-ouvertes.fr/tel-02877873,Cédric Cabanel
https://tel.archives-ouvertes.fr/tel-02877768,Sylvère Angot
https://tel.archives-ouvertes.fr/tel-02877765,Delphine Manceau
https://hal.univ-lorraine.fr/tel-02461512,Abdoul-Razak Tidjani
https://hal.univ-lorraine.fr/tel-02104112,Christophe Clesse
https://hal.univ-lorraine.fr/tel-02064142,Eva Rothenberger
https://hal.univ-lorraine.fr/tel-02331829,Julien Vincent
https://hal.inrae.fr/tel-02877614,Manon Hiolle
https://hal.univ-lorraine.fr/tel-02877572,Lauralie Mangeot-Peter
https://tel.archives-ouvertes.fr/tel-02877547,Brigitte Auziol
https://hal.univ-lorraine.fr/tel-02877545,Guillaume Carbajal
https://hal.univ-lorraine.fr/tel-01920227,Sadjia Khelifi
https://hal.univ-lorraine.fr/tel-02351136,Abderzak El Farsy
https://hal.univ-lorraine.fr/tel-02877489,Anaïs Kirsch
https://hal.univ-lorraine.fr/tel-02072902,Ana Berlogea
https://hal.univ-lorraine.fr/tel-02877472,Zied Ferjaoui
https://hal.archives-ouvertes.fr/tel-02558620v2,Wiem Ben Romdhane
https://hal.univ-lorraine.fr/tel-02877382,Prisca Rakotomanga
https://tel.archives-ouvertes.fr/tel-02877378,Ahmad Hamadeh
https://tel.archives-ouvertes.fr/tel-02866992v2,Vanuza Marques Do Nascimento
https://tel.archives-ouvertes.fr/tel-02875990v2,Guillaume Riquet
https://tel.archives-ouvertes.fr/tel-01951363,Maxime Pelletier
https://hal.univ-lorraine.fr/tel-02877340,Kevin Magra
https://tel.archives-ouvertes.fr/tel-02877296,Moulaye Aidara Ndiaye
https://hal.archives-ouvertes.fr/tel-02877281,Antoine Ducoin
https://tel.archives-ouvertes.fr/tel-02877226,Timothée Zidat
https://hal.univ-lorraine.fr/tel-01760400,Anne-Catherine Schmidt-Trimborn
https://tel.archives-ouvertes.fr/tel-02877213,Nissaf Ben Ayed
https://pastel.archives-ouvertes.fr/tel-02877081,Alexandra Mattei
https://tel.archives-ouvertes.fr/tel-02877080,Joana Sanchez
https://tel.archives-ouvertes.fr/tel-02876606,Amel Benmouna
https://tel.archives-ouvertes.fr/tel-02876544,Béatrice Munaro
https://tel.archives-ouvertes.fr/tel-02876542,Marion Bossennec
https://halshs.archives-ouvertes.fr/tel-02876149,Didier Robineau
https://tel.archives-ouvertes.fr/tel-00653612v2,Catherine Pons
https://tel.archives-ouvertes.fr/tel-02875989,Bruno Nardeux
https://tel.archives-ouvertes.fr/tel-02875411,Morgane Detraz
https://tel.archives-ouvertes.fr/tel-02875204,Morgane Masse
https://halshs.archives-ouvertes.fr/tel-01408869,Claire Moyse-Faurie
https://tel.archives-ouvertes.fr/tel-02875019,Elise Leger-Charnay
https://hal.archives-ouvertes.fr/tel-02402069v2,Christelle Chaplais
https://tel.archives-ouvertes.fr/tel-02874976,Giacomo Gropplero Di Troppenburg
https://hal.archives-ouvertes.fr/tel-02874832,Clément Perrot-Minot
https://tel.archives-ouvertes.fr/tel-02874758,Jessica Delorme
https://tel.archives-ouvertes.fr/tel-02874750,Masaya Nakatsu
https://tel.archives-ouvertes.fr/tel-02874583,Souleymane Yago
https://tel.archives-ouvertes.fr/tel-02874582,Dmytro Ryzhakov
https://hal.univ-lorraine.fr/tel-02862851,Alexandre Zimmer
https://tel.archives-ouvertes.fr/tel-02874419,Arash Khalatbari
https://tel.archives-ouvertes.fr/tel-01809336v3,Claire Bernard
https://tel.archives-ouvertes.fr/tel-02046020v3,Luis Corona Galvan
https://tel.archives-ouvertes.fr/tel-02874191,Lukas Perichon
https://hal.archives-ouvertes.fr/tel-02874045,Christophe Djemiel
https://hal.archives-ouvertes.fr/tel-02874012,Sandra Garbarino
https://hal.univ-rennes2.fr/tel-02874011,Jennifer Urasadettan
https://tel.archives-ouvertes.fr/tel-02873917,Nicolas Rocton
https://tel.archives-ouvertes.fr/tel-02873883,Ameni Aschy
https://tel.archives-ouvertes.fr/tel-02873861,Prany Wantzen
https://hal.archives-ouvertes.fr/tel-02415027v2,Julian Alvarez
https://tel.archives-ouvertes.fr/tel-02404234v2,Cédric Maigrot
https://tel.archives-ouvertes.fr/tel-02873776,Clara Solier
https://tel.archives-ouvertes.fr/tel-02873695,Angel Prato
https://tel.archives-ouvertes.fr/tel-02873693,Felipe Machado Pinheiro
https://tel.archives-ouvertes.fr/tel-02873651,Mélodie Dubois
https://pastel.archives-ouvertes.fr/tel-02873605,Bastien Guigue
https://tel.archives-ouvertes.fr/tel-02873555,Pierre Michelon
https://tel.archives-ouvertes.fr/tel-02873442,Manon Francès
https://tel.archives-ouvertes.fr/tel-02873368,Sabri Hamana
https://hal.archives-ouvertes.fr/tel-02873308,Laurie Buffo-Lacarrière
https://tel.archives-ouvertes.fr/tel-02873300,Essia Ben Moussa
https://hal.archives-ouvertes.fr/tel-02873220,Laurie Lacarriere
https://hal.archives-ouvertes.fr/tel-02873107,Sonda Ammar
https://tel.archives-ouvertes.fr/tel-02872895,Marion Recher
https://tel.archives-ouvertes.fr/tel-02872877,Audrey Thiebaut
https://tel.archives-ouvertes.fr/tel-02872876,Imad El Qachchach
https://tel.archives-ouvertes.fr/tel-02872768,Rabia Azzi
https://tel.archives-ouvertes.fr/tel-02872305,Yohann Scaringella-Guerritat
https://hal.archives-ouvertes.fr/tel-02864589v2,Sophie Buessler
https://tel.archives-ouvertes.fr/tel-02872269,Florian Jouval
https://tel.archives-ouvertes.fr/tel-02872256,Samira Selmani
https://tel.archives-ouvertes.fr/tel-02872215,Florian Bartoli
https://tel.archives-ouvertes.fr/tel-02864279,Hanene Mkaouar Mzali
https://tel.archives-ouvertes.fr/tel-02872207,Adama Kafando
https://tel.archives-ouvertes.fr/tel-02872204,Guillaume Jeanmasson
https://hal.archives-ouvertes.fr/tel-02867792,Yannick Fosso Djoumessi
https://tel.archives-ouvertes.fr/tel-02871847,Jean-Baptiste Dory
https://tel.archives-ouvertes.fr/tel-02871774,Marie Dupre
https://tel.archives-ouvertes.fr/tel-02871591,Anne Bisson
https://tel.archives-ouvertes.fr/tel-02871571,Margaux Caia
https://tel.archives-ouvertes.fr/tel-02867854v2,Jean-Michel Chahsiche
https://tel.archives-ouvertes.fr/tel-02871105,Lucas Aniceto
https://hal.archives-ouvertes.fr/tel-02871076,Frédéric Pierlot
https://tel.archives-ouvertes.fr/tel-02870951,François Baux
https://tel.archives-ouvertes.fr/tel-02870950,Boris Brangeon
https://tel.archives-ouvertes.fr/tel-02870914,Elise Maubert
https://tel.archives-ouvertes.fr/tel-02870884,Shahin Yusifov
https://tel.archives-ouvertes.fr/tel-02870883,Willy Smeralda
https://tel.archives-ouvertes.fr/tel-02870882,Rhéda Stroiazzo
https://tel.archives-ouvertes.fr/tel-02870732,Nicolas Crespo-Monteiro
https://tel.archives-ouvertes.fr/tel-02870714,Julien Thebault
https://tel.archives-ouvertes.fr/tel-02870623,Nawelle Famelart
https://tel.archives-ouvertes.fr/tel-02870550,Anne Dalles Maréchal
https://tel.archives-ouvertes.fr/tel-02870504,Béatrice Drot-Delange
https://tel.archives-ouvertes.fr/tel-02870360,Florent Moissenet
https://tel.archives-ouvertes.fr/tel-02870241,Nicolas Mille
https://hal.archives-ouvertes.fr/tel-02870218,Anne Gagnant de Weck
https://tel.archives-ouvertes.fr/tel-02870031,Grégoire Corradi
https://tel.archives-ouvertes.fr/tel-02870027,Florent Pompanon
https://tel.archives-ouvertes.fr/tel-02869914,Malorie Blancard
https://tel.archives-ouvertes.fr/tel-02869870,Angélique Rivot
https://hal.archives-ouvertes.fr/tel-02869866,Inès Zribi
https://tel.archives-ouvertes.fr/tel-02869815,Jérôme Loraine
https://pastel.archives-ouvertes.fr/tel-02869795,Thomas Fonty
https://tel.archives-ouvertes.fr/tel-02869772,Abdelhalim El Ouafdi
https://tel.archives-ouvertes.fr/tel-02869728,Thomas Pouyet
https://tel.archives-ouvertes.fr/tel-02869716,Francesca Contrada
https://tel.archives-ouvertes.fr/tel-02869689,Boris Dousteyssier
https://tel.archives-ouvertes.fr/tel-02869686,Shirley Abitbol
https://tel.archives-ouvertes.fr/tel-02868691v2,Marie Mura
https://tel.archives-ouvertes.fr/tel-02869670,Philippe Gaudard
https://tel.archives-ouvertes.fr/tel-02869645,Marion Maudet
https://tel.archives-ouvertes.fr/tel-02869636,Pierre Gilfriche
https://hal.archives-ouvertes.fr/tel-02869607,Cindy Priadi
https://tel.archives-ouvertes.fr/tel-02869587,Myriam Garrouj
https://tel.archives-ouvertes.fr/tel-02869585,Valentin Makomra
https://tel.archives-ouvertes.fr/tel-02869584,Céline Duffau
https://tel.archives-ouvertes.fr/tel-02869508,Valentin Philippon
https://tel.archives-ouvertes.fr/tel-02869439,Frédéric Puyjarinet
https://tel.archives-ouvertes.fr/tel-02869391,Adrien Favillier
https://tel.archives-ouvertes.fr/tel-02869390,Marilyne Malbouyres
https://hal.archives-ouvertes.fr/tel-02798274,Sébastien Goeb
https://tel.archives-ouvertes.fr/tel-02868913,Jérôme Mazzolini
https://tel.archives-ouvertes.fr/tel-02866731v2,Lucie Farrera
https://tel.archives-ouvertes.fr/tel-02868814,Benoit Diringer
https://tel.archives-ouvertes.fr/tel-02868658v2,Louiza Hamidouche
https://tel.archives-ouvertes.fr/tel-02868710,Adrien Tassou
https://tel.archives-ouvertes.fr/tel-02868696,Lauriane Hennet
https://hal.archives-ouvertes.fr/tel-02868651,Sophie Ayrault
https://tel.archives-ouvertes.fr/tel-02868643,Thomas Trombetta
https://tel.archives-ouvertes.fr/tel-02868641,Madi Cissé
https://tel.archives-ouvertes.fr/tel-02868640,Hajer Ben Rekhissa
https://hal.archives-ouvertes.fr/tel-02868590,Clément Conand
https://tel.archives-ouvertes.fr/tel-02868582,Victor Pellet
https://tel.archives-ouvertes.fr/tel-02868574,Virginie Naël
https://hal.archives-ouvertes.fr/tel-01965545v2,Loïc Prosnier
https://tel.archives-ouvertes.fr/tel-02868524,Guillaume Guyader
https://tel.archives-ouvertes.fr/tel-02868517,Gabriel Krasovec
https://tel.archives-ouvertes.fr/tel-02868514,Florentin Damiens
https://tel.archives-ouvertes.fr/tel-02868509,Loic Carment
https://hal.archives-ouvertes.fr/tel-02868499,Imene Khanfir Kallel
https://tel.archives-ouvertes.fr/tel-02868491,Déborah Caucheteur
https://tel.archives-ouvertes.fr/tel-02868484,Pierre-Axel Vinot
https://hal.archives-ouvertes.fr/tel-02072803v2,Julien Wengler
https://tel.archives-ouvertes.fr/tel-02868459,Mathilde Delaunay
https://tel.archives-ouvertes.fr/tel-02868156,Pierre-André Lafon
https://tel.archives-ouvertes.fr/tel-02868080,Guillaume Erbland
https://tel.archives-ouvertes.fr/tel-02868058,Rémi Bérard
https://tel.archives-ouvertes.fr/tel-02868057,Sara Maqrot
https://tel.archives-ouvertes.fr/tel-02868050,Quentin Grossetti
https://tel.archives-ouvertes.fr/tel-02868017,Alexandre Adomnicai
https://tel.archives-ouvertes.fr/tel-02868002,Chloé Louw
https://tel.archives-ouvertes.fr/tel-02867899,Maëva Mikart
https://tel.archives-ouvertes.fr/tel-02867853,Kossi Seto Yibokou
https://tel.archives-ouvertes.fr/tel-02867836,Mohamed Karasad
https://tel.archives-ouvertes.fr/tel-02867834,Céline Jacques
https://hal.archives-ouvertes.fr/tel-02366620v2,Myriam Servières
https://tel.archives-ouvertes.fr/tel-02867640,Houda Alhoussari
https://tel.archives-ouvertes.fr/tel-02867154,Joachim Delannoy
https://hal.archives-ouvertes.fr/tel-01876349v2,Ahmed Ait Hammou Oulhaj
https://hal-univ-pau.archives-ouvertes.fr/tel-02867090,Xantiana Etchebest
https://hal-univ-pau.archives-ouvertes.fr/tel-02867076,Eztitxu Albistur
https://hal.univ-brest.fr/tel-02867043,Samuel Guillemot
https://tel.archives-ouvertes.fr/tel-02866991,Loïs Lefeuvre
https://tel.archives-ouvertes.fr/tel-02866990,Jean-Jacques Dupaux
https://tel.archives-ouvertes.fr/tel-02866972,Lucas Monteil
https://tel.archives-ouvertes.fr/tel-02866806,Valérie Cordier
https://tel.archives-ouvertes.fr/tel-02866730,Guillaume Sarrabay
https://tel.archives-ouvertes.fr/tel-02866707,Jean Sébastien Souweine
https://tel.archives-ouvertes.fr/tel-02866689,Camille Jourdan
https://tel.archives-ouvertes.fr/tel-02866688,Serge Mazamay Ikony Engo
https://tel.archives-ouvertes.fr/tel-02866637,Amélie Rabat
https://tel.archives-ouvertes.fr/tel-02866517,Sophie Miallaret
https://tel.archives-ouvertes.fr/tel-02866461,Miyanou Rosales Hurtado
https://tel.archives-ouvertes.fr/tel-02866241,Shih-Hsien Huang
https://tel.archives-ouvertes.fr/tel-02866084v2,Kateryna Lobodenko
https://hal.archives-ouvertes.fr/tel-02866174,Wajdi Belhaj
https://pastel.archives-ouvertes.fr/tel-02866111,Perrine Tanguy
https://tel.archives-ouvertes.fr/tel-02866092,Nan Lu
https://tel.archives-ouvertes.fr/tel-02866073,Unai Escribano Vazquez
https://tel.archives-ouvertes.fr/tel-02866069,Tom Biscéré
https://tel.archives-ouvertes.fr/tel-02866067,Camille Baudesson de Chanville
https://tel.archives-ouvertes.fr/tel-02866065,Juliette Boeri
https://tel.archives-ouvertes.fr/tel-02866064,Félix Balazard
https://tel.archives-ouvertes.fr/tel-02866060,Cécile Bandet
https://tel.archives-ouvertes.fr/tel-02866048,Julien Botella
https://hal.archives-ouvertes.fr/tel-02866004,Amira Aloulou
https://tel.archives-ouvertes.fr/tel-02865564,Virgilio Mortari
https://tel.archives-ouvertes.fr/tel-02865552,Jules Russick
https://tel.archives-ouvertes.fr/tel-02865425v2,Pauline Glatz
https://tel.archives-ouvertes.fr/tel-02865538,Elsa Bourcier
https://tel.archives-ouvertes.fr/tel-02865525,Tong Yang
https://tel.archives-ouvertes.fr/tel-02865510,Camelia Skiribou
https://tel.archives-ouvertes.fr/tel-02865509,Nicolas Vignier
https://tel.archives-ouvertes.fr/tel-02865504,Julien Riou
https://tel.archives-ouvertes.fr/tel-02865503,Fares Roudesly
https://tel.archives-ouvertes.fr/tel-02865500,Anthony Nina Diogo
https://tel.archives-ouvertes.fr/tel-02865498,Madeleine Piot
https://tel.archives-ouvertes.fr/tel-02865492,Haifa Mehdi
https://tel.archives-ouvertes.fr/tel-02865474,Zhou Chen
https://tel.archives-ouvertes.fr/tel-02865471,Juliana Araujo
https://hal.archives-ouvertes.fr/tel-02570996,Jean-Louis Ichard
https://tel.archives-ouvertes.fr/tel-02865441,Houda Alhoussari
https://tel.archives-ouvertes.fr/tel-02865435,Julie Wolanin
https://tel.archives-ouvertes.fr/tel-02865432,Gabrielle Ringot
https://tel.archives-ouvertes.fr/tel-02865430,François Meunier
https://tel.archives-ouvertes.fr/tel-02865396,Kenneth Mermet
https://tel.archives-ouvertes.fr/tel-02865375,Raphaëlle Tchamitchian
https://tel.archives-ouvertes.fr/tel-02865357,Lucrezia Chappuit
https://tel.archives-ouvertes.fr/tel-02865356,Amiel Peiffer-Smadja
https://tel.archives-ouvertes.fr/tel-02865349,Amaury Bernard
https://tel.archives-ouvertes.fr/tel-02865340,Alix Perusseau-Lambert
https://tel.archives-ouvertes.fr/tel-02864793v2,Romain Cohen
https://tel.archives-ouvertes.fr/tel-02865326,Marina Romagnoli Bethonico
https://tel.archives-ouvertes.fr/tel-02862869v2,Amelia Maria Bogliotti
https://tel.archives-ouvertes.fr/tel-02865260,Mathieu Kuchenbuch
https://tel.archives-ouvertes.fr/tel-02864939v2,François Le Calvez
https://tel.archives-ouvertes.fr/tel-02864906v2,Mélanie Toulhoat
https://tel.archives-ouvertes.fr/tel-02865216,Laura Arciniegas-Rozo
https://tel.archives-ouvertes.fr/tel-02865202,Marie Ballarini
https://tel.archives-ouvertes.fr/tel-02865062,Janina Klein
https://tel.archives-ouvertes.fr/tel-02864963,Aude Charollais
https://tel.archives-ouvertes.fr/tel-02864894,Marco Stefanelli
https://tel.archives-ouvertes.fr/tel-02864887,Lucille Chevalier
https://tel.archives-ouvertes.fr/tel-02864834,Rita Khalil
https://tel.archives-ouvertes.fr/tel-02864833,Mathieu Rivière
https://tel.archives-ouvertes.fr/tel-02864804,Maud Combes
